{
  "round": 2,
  "phase": "link",
  "label": "link",
  "timestamp_ms": 1771632698214,
  "counts": {
    "nodes_total": 182,
    "pairs_formed": 94,
    "unpaired_total": 88
  },
  "stats": {
    "strength_bridge": {
      "min": 0,
      "p50": 1.1397965285200178,
      "p90": 1.3582492346371844,
      "max": 1.6796855440763911
    },
    "strength_internal": {
      "min": 0,
      "p50": 1.1397965285200178,
      "p90": 1.3582492346371844,
      "max": 1.6796855440763911
    },
    "mass": {
      "min": 0.45,
      "p50": 1.7696928628994961,
      "p90": 3.8170975304521013,
      "max": 7.1785469841737
    }
  }
}