{
  "round": 3,
  "phase": "link",
  "label": "link",
  "timestamp_ms": 1771632698232,
  "counts": {
    "nodes_total": 137,
    "pairs_formed": 45,
    "unpaired_total": 92
  },
  "stats": {
    "strength_bridge": {
      "min": 0,
      "p50": 1.11352109458502,
      "p90": 1.319728704693357,
      "max": 1.6796855440763911
    },
    "strength_internal": {
      "min": 0,
      "p50": 1.1273177216342412,
      "p90": 3.19523685491292,
      "max": 3.9750924030241714
    },
    "mass": {
      "min": 0.45,
      "p50": 2.6823389422996335,
      "p90": 8.544843339437163,
      "max": 19.163443903002047
    }
  }
}