{
  "round": 3,
  "phase": "anneal",
  "label": "anneal",
  "timestamp_ms": 1771632698234,
  "counts": {
    "nodes": 137,
    "neighbor_edges": 114
  },
  "stats": {
    "strength_internal": {
      "min": 0,
      "p50": 2.1637161025153153,
      "p90": 6.992085257670473,
      "max": 8.830205915832336
    },
    "mass": {
      "min": 0.45,
      "p50": 3.998106083050346,
      "p90": 18.942004711558056,
      "max": 49.02921265425131
    }
  }
}