{
  "round": 1,
  "phase": "anneal",
  "label": "anneal",
  "timestamp_ms": 1771632698198,
  "counts": {
    "nodes": 276,
    "neighbor_edges": 656
  },
  "stats": {
    "strength_internal": {
      "min": 0,
      "p50": 1.0671025281938855,
      "p90": 1.319728704693357,
      "max": 2.3095252332133747
    },
    "mass": {
      "min": 0.45,
      "p50": 1.880743787772811,
      "p90": 4.071667627327937,
      "max": 7.1785469841737
    }
  }
}