{
  "round": 2,
  "phase": "anneal",
  "label": "anneal",
  "timestamp_ms": 1771632698219,
  "counts": {
    "nodes": 182,
    "neighbor_edges": 222
  },
  "stats": {
    "strength_internal": {
      "min": 0,
      "p50": 1.3992125609741235,
      "p90": 3.5919882892120256,
      "max": 5.1304533126865035
    },
    "mass": {
      "min": 0.45,
      "p50": 2.831228489820939,
      "p90": 8.544843339437163,
      "max": 19.163443903002047
    }
  }
}